Book Id,Title,Author,Author l-f,Additional Authors,ISBN,ISBN13,My Rating,Publisher,Binding,Number of Pages,Year Published,Original Publication Year,Date Read,Date Added,Bookshelves,Bookshelves with positions,Exclusive Shelf,My Review,Spoiler,Private Notes,Read Count,Owned Copies
21874851,Large-Scale Scrum: More with LeSS (Addison-Wesley Signature Series (Cohn)),Craig Larman,"Larman, Craig",Bas Vodde,"=""0321985710""","=""9780321985712""",5,Addison-Wesley Professional,Paperback,368,2016,2014,,2026/02/21,"agile, collaboration, collaboration-techniques, organizational","agile (#18), collaboration (#7), collaboration-techniques (#9), organizational (#11)",read,,,,1,0
5247677,Scaling Lean & Agile Development: Thinking and Organizational Tools for Large-Scale Scrum,Craig Larman,"Larman, Craig",Bas Vodde,"=""0321480961""","=""9780321480965""",5,Addison-Wesley Professional,Paperback,368,2008,2008,,2019/04/13,"non-technical, agile","non-technical (#81), agile (#3)",read,,,,1,0
39853212,"Work Together Anywhere: A Handbook on Working Remotely—Successfully—for Individuals, Teams, and Managers",Lisette Sutherland,"Sutherland, Lisette",Kirsten Janene-Nelson,"=""9082854112""","=""9789082854114""",5,Collaboration Superpowers,Kindle Edition,510,2018,2018,,2020/03/19,"currently-reading, non-technical, remote-work","currently-reading (#7), non-technical (#42), remote-work (#1)",currently-reading,,,,1,0
58129,Head First Servlets and JSP: Passing the Sun Certified Web Component Developer Exam,Bryan Basham,"Basham, Bryan","Kathy Sierra, Bert Bates","=""0596005407""","=""9780596005405""",5,CreateSpace Independent Publishing Platform,Paperback,854,2004,2004,,2020/12/31,technical,technical (#5),read,,,,1,0
34466958,Bullshit Jobs: A Theory,David Graeber,"Graeber, David",,"=""150114331X""","=""9781501143311""",5,Simon & Schuster,Hardcover,335,2018,2018,2022/03/30,2021/08/05,"non-technical, thinking","non-technical (#23), thinking (#6)",read,,,,1,0
204927599,Nexus: A Brief History of Information Networks from the Stone Age to AI,Yuval Noah Harari,"Harari, Yuval Noah",,"=""059373422X""","=""9780593734223""",5,Random House,Hardcover,528,2024,2024,2025/02/03,2024/12/15,non-technical,non-technical (#100),read,,,,1,0
29939161,Radical Candor: Be a Kickass Boss Without Losing Your Humanity,Kim Malone Scott,"Scott, Kim Malone",,"=""1250103509""","=""9781250103505""",0,St. Martin's Press,Hardcover,336,2017,2017,,2025/10/10,to-read,to-read (#15),to-read,,,,0,0
41571759,Conscious: A Brief Guide to the Fundamental Mystery of the Mind,Annaka Harris,"Harris, Annaka",,"=""0062906712""","=""9780062906717""",4,Harper,Hardcover,144,2019,2019,,2025/08/02,"non-technical, our-brain, thinking","non-technical (#101), our-brain (#4), thinking (#7)",read,,,,1,0
25235192,Waarom vuilnismannen meer verdienen dan bankiers,Rutger Bregman,"Bregman, Rutger",Jesse Frederik,"=""""","=""9789047706830""",0,De Correspondent,ebook,104,2015,2015,,2025/03/15,to-read,to-read (#14),to-read,,,,2,0
221646348,Lights On: How Understanding Consciousness Helps Us Understand the Universe,Annaka Harris,"Harris, Annaka","Jay Shapiro, Susan Blackmore, Sean Carroll, Daniel Chamovitz, David Eagleman, Sascha Fink, Adam Frank, Philip Goff, Joseph Goldstein, Brian Greene, Donald Hoffman, Patrick House, Christof Koch, Janna Levin, George Musser, Zoë Schlanger, Anil Seth, Lee Smolin, Sara Imari Walker","=""""","=""""",4,Macmillan Audio,Audible Audio,,2025,,,2025/08/02,to-read,to-read (#13),to-read,,,,0,0
647492,Ordinary Men: Reserve Police Battalion 101 and the Final Solution in Poland,Christopher R. Browning,"Browning, Christopher R.",,"=""0060995068""","=""9780060995065""",0,Harper Perennial,Paperback,271,1998,1992,,2025/03/15,to-read,to-read (#12),to-read,,,,0,0
45995328,De meeste mensen deugen: Een nieuwe geschiedenis van de mens,Rutger Bregman,"Bregman, Rutger",,"=""9082942186""","=""9789082942187""",5,De Correspondent,Paperback,523,2019,2019,,2023/09/03,"non-technical, change","non-technical (#72), change (#8)",read,super good book!!,,,1,0
197734404,The Scrum Anti-Patterns Guide: Challenges Every Scrum Team Faces and How to Overcome Them (The Professional Scrum Series),Stefan Wolpers,"Wolpers, Stefan",,"=""0137977964""","=""9780137977963""",5,Addison-Wesley Professional,Paperback,416,2024,,2023/11/28,2023/11/27,"non-technical, agile, collaboration","non-technical (#99), agile (#17), collaboration (#6)",read,,,,1,0
324750,High Output Management,Andrew S. Grove,"Grove, Andrew S.",,"=""0679762884""","=""9780679762881""",0,Vintage,Paperback,272,1995,1983,,2023/12/01,to-read,to-read (#11),to-read,,,,0,0
5675339,Training From the Back of the Room!: 65 Ways to Step Aside and Let Them Learn,Sharon L. Bowman,"Bowman, Sharon L.",,"=""0787996629""","=""9780787996628""",4,Pfeiffer,Paperback,320,2008,2008,2023/10/24,2019/04/13,"non-technical, communication, collaboration-techniques","non-technical (#33), communication (#11), collaboration-techniques (#8)",read,,,,1,0
9732967,"Bikablo 2.0: Neue Bilder für Meeting, Training & Learning",Holger Scholz,"Scholz, Holger",,"=""3940315052""","=""9783940315052""",5,Neuland,Spiral-bound,135,2009,2009,,2019/04/13,"non-technical, collaboration-techniques","non-technical (#51), collaboration-techniques (#7)",read,,,,1,0
9732972,Bikablo: Das Trainerwörterbuch Der Bildsprache = Facilitators Dictionary Of Visual Language,Martin Haußmann,"Haußmann, Martin",,"=""3940315001""","=""9783940315007""",5,Example Product Manufacturer,Spiral-bound,132,2006,2006,,2019/04/13,"non-technical, collaboration-techniques","non-technical (#50), collaboration-techniques (#5)",read,,,,1,0
27273546,bikablo emotions Visuelles Wortebuch Visual Dictionary,Martin Haußmann,"Haußmann, Martin",,"=""""","=""""",5,Neuland,Unknown Binding,83,2015,,,2019/04/13,"non-technical, collaboration-techniques","non-technical (#49), collaboration-techniques (#6)",read,,,,1,0
22713395,UZMO - Denken mit dem Stift Visuell präsentieren dokumentieren und,Martin Haußmann,"Haußmann, Martin",,"=""3868815171""","=""9783868815177""",5,Redline Verlag,Paperback,304,2014,2014,,2019/04/13,"non-technical, collaboration-techniques","non-technical (#47), collaboration-techniques (#4)",read,,,,1,0
1055446,Innovation Games: Creating Breakthrough Products Through Collaborative Play,Luke Hohmann,"Hohmann, Luke",,"=""0321437292""","=""9780321437297""",5,Addison-Wesley Professional,Paperback,192,2006,2006,,2019/04/13,"non-technical, collaboration-techniques","non-technical (#44), collaboration-techniques (#1)",read,,,,1,1
21373993,"Gamestorming A Playbook For Innovators, Rulebreakers, And Changemakers",Dave  Gray,"Gray, Dave","Sunni Brown, James Macanufo","=""""","=""8580001054612""",5,O'Reilly Media,Paperback,286,2010,2010,,2019/04/13,"non-technical, collaboration-techniques","non-technical (#43), collaboration-techniques (#3)",read,,,,1,0
16084015,Impact Mapping: Making a Big Impact with Software Products and Projects,Gojko Adzic,"Adzic, Gojko",,"=""0955683645""","=""9780955683640""",5,Neuri Limited,Paperback,93,2012,2012,,2019/04/13,"non-technical, collaboration-techniques","non-technical (#45), collaboration-techniques (#2)",read,,,,1,1
17316682,Remote: Office Not Required,David Heinemeier Hansson,"Hansson, David Heinemeier","Jason Fried, Rebecca Lowman","=""0804148996""","=""9780804148993""",0,Random House Audio,Audiobook,256,2013,2013,,2020/03/19,"currently-reading, non-technical, remote-work","currently-reading (#6), non-technical (#41), remote-work (#2)",currently-reading,,,,1,0
2251306,"Brain Rules: 12 Principles for Surviving and Thriving at Work, Home, and School (Book & DVD)",John Medina,"Medina, John",,"=""0979777704""","=""9780979777707""",5,Pear Press,Hardcover,301,2008,2008,,2019/04/13,"non-technical, our-brain","non-technical (#38), our-brain (#2)",read,,,,1,1
6899290,"Your Brain at Work: Strategies for Overcoming Distraction, Regaining Focus, and Working Smarter All Day Long",David Rock,"Rock, David",,"=""0061771295""","=""9780061771293""",5,Harper Business,Hardcover,246,2009,2009,,2019/04/13,"non-technical, our-brain","non-technical (#39), our-brain (#3)",read,,,,1,1
29213663,You Are Not What You Think,David Richo,"Richo, David",Tom Pile,"=""1522642870""","=""9781522642879""",5,Audible Studios on Brilliance Audio,MP3 CD,,2016,2015,,2019/04/13,"non-technical, thinking, our-brain","non-technical (#37), thinking (#1), our-brain (#1)",read,,,,1,1
12975375,The Advantage: Why Organizational Health Trumps Everything Else In Business (J-B Lencioni Series),Patrick Lencioni,"Lencioni, Patrick",,"=""0470941529""","=""9780470941522""",5,Jossey-Bass,Hardcover,216,2012,2012,,2019/04/13,"non-technical, leadership, organizational","non-technical (#16), leadership (#7), organizational (#10)",read,,,,1,1
255127,The Fifth Discipline: The Art & Practice of The Learning Organization,Peter M. Senge,"Senge, Peter M.",,"=""0385517254""","=""9780385517256""",5,Doubleday,Paperback,445,2006,1990,,2019/04/13,"non-technical, leadership, organizational","non-technical (#12), leadership (#11), organizational (#9)",read,,,,1,0
13530973,Antifragile: Things That Gain from Disorder,Nassim Nicholas Taleb,"Taleb, Nassim Nicholas",,"=""1400067820""","=""9781400067824""",0,Random House,Hardcover,426,2012,2012,,2019/04/13,"currently-reading, non-technical, organizational","currently-reading (#3), non-technical (#62), organizational (#6)",currently-reading,,,,1,0
18079689,Social Physics: How Good Ideas Spread— The Lessons from a New Science,Alex Pentland,"Pentland, Alex",,"=""1594205655""","=""9781594205651""",5,Penguin Press,Hardcover,320,2014,2014,,2019/06/26,"non-technical, organizational","non-technical (#55), organizational (#8)",read,,,,1,0
37316795,Reinventing organizations: geillustreerde versie (Dutch Edition),Frederic Laloux,"Laloux, Frederic",David Grabijn,"=""9401438633""","=""9789401438636""",5,Lannoo Campus,Kindle Edition,333,2016,,,2019/04/13,"currently-reading, non-technical, organizational","currently-reading (#4), non-technical (#58), organizational (#7)",currently-reading,,,,1,0
206309,Fish: A Proven Way to Boost Morale and Improve Results,Stephen C. Lundin,"Lundin, Stephen C.","Harry Paul, John Christensen, Ken Blanchard","=""0786866020""","=""9780786866021""",5,Hyperion,Hardcover,112,2000,1996,,2019/04/13,"non-technical, organizational","non-technical (#56), organizational (#4)",read,,,,1,1
3336275,Fish! Tales - Real-Life Stories to Help You Transform Your Workplace and Your Life,Stephen C. Lunden,"Lunden, Stephen C.","Harry Paul, John Christensen","=""1401396844""","=""9781401396848""",5,Hyperion Books,Unbound,0,2002,2002,,2019/04/13,"non-technical, organizational","non-technical (#57), organizational (#5)",read,,,,1,0
21807644,Organize for Complexity: How to Get Life Back Into Work to Build the High-Performance Organization (Betacodex Publishing),Niels Pflaeging,"Pflaeging, Niels",Pia Steinmann,"=""0991537602""","=""9780991537600""",5,Betacodex Press,Paperback,142,2014,2014,,2019/04/13,"non-technical, organizational","non-technical (#61), organizational (#2)",read,,,,1,1
23526564,Holacracy: The New Management System for a Rapidly Changing World,Brian J. Robertson,"Robertson, Brian J.",,"=""162779428X""","=""9781627794282""",5,Henry Holt and Co.,Hardcover,240,2015,2015,,2019/04/13,"non-technical, organizational","non-technical (#59), organizational (#3)",read,,,,1,1
42379754,Sociocratie 3.0 - De businessnovelle die het beste uit mens en organisatie haalt,Jef Cumps,"Cumps, Jef",,"=""9401454248""","=""9789401454247""",0,LannooCampus,Paperback,240,2018,,,2019/04/13,"to-read, non-technical, organizational","to-read (#1), non-technical (#60), organizational (#1)",to-read,,,,0,0
728055,Spiral Dynamics Integral: Learn to Master the Memetic Codes of Human Behavior,Don Edward Beck,"Beck, Don Edward",,"=""1591794250""","=""9781591794257""",5,Sounds True,Audio CD,16,2006,2006,,2019/04/13,"non-technical, change, thinking","non-technical (#73), change (#3), thinking (#4)",read,,,,1,0
3828902,Thinking In Systems: A Primer,Donella H. Meadows,"Meadows, Donella H.",Diana Wright,"=""1603580557""","=""9781603580557""",4,Chelsea Green Publishing,Paperback,218,2008,2008,,2019/04/13,"non-technical, thinking","non-technical (#65), thinking (#5)",read,,,,1,0
19026481,An Introductory Guide to Systems Thinking,David Kerr,"Kerr, David",,"=""""","=""""",5,eBookIt.com,Kindle Edition,36,2012,2012,,2019/04/13,"non-technical, thinking","non-technical (#66), thinking (#3)",read,,,,1,1
42635721,Op denkles: hoe wapenen we ons tegen 'Iedereen heeft zijn eigen waarheid' en andere modieuze denkbeelden (Dutch Edition),Sebastien Valkenberg,"Valkenberg, Sebastien",,"=""9026330847""","=""9789026330841""",0,Ambo|Anthos,Kindle Edition,222,2015,2015,,2019/04/13,"currently-reading, non-technical, thinking","currently-reading (#1), non-technical (#25), thinking (#2)",currently-reading,,,,1,0
6570502,Switch: How to Change Things When Change Is Hard,Chip Heath,"Heath, Chip",Dan Heath,"=""0385528752""","=""9780385528757""",5,Crown Currency,Hardcover,305,2010,2010,2019/12/01,2019/10/29,"non-technical, change","non-technical (#75), change (#6)",read,,,,1,0
36592650,Mentaliserend Coachen,René Meijer,"Meijer, René",,"=""9024404045""","=""9789024404049""",0,Uitgeverij BOom,Paperback,152,2016,,,2020/05/28,"to-read, non-technical, change","to-read (#9), non-technical (#76), change (#7)",to-read,,,,0,0
419461,Our Iceberg Is Melting,John P. Kotter,"Kotter, John P.","Holger Rathgeber, Spencer Johnson, Peter Mueller","=""031236198X""","=""9780312361983""",0,St. Martin's Press,Hardcover,160,2006,2005,,2019/04/13,"to-read, non-technical, change","to-read (#4), non-technical (#70), change (#1)",to-read,,,,0,0
6452796,Drive: The Surprising Truth About What Motivates Us,Daniel H. Pink,"Pink, Daniel H.",,"=""1594488843""","=""9781594488849""",5,Riverhead Books,Hardcover,242,2009,2009,,2019/09/03,"non-technical, change","non-technical (#69), change (#5)",read,,,,1,0
13561217,How to Change the World: Change Management 3.0,Jurgen Appelo,"Appelo, Jurgen",,"=""""","=""""",5,Jojo Ventures BV,ebook,87,2012,2012,,2019/04/13,"non-technical, change","non-technical (#74), change (#4)",read,,,,1,0
18406657,Accelerate: Building Strategic Agility for a Faster-Moving World,John P. Kotter,"Kotter, John P.",,"=""1625271743""","=""9781625271747""",5,Harvard Business Review Press,Hardcover,224,2014,2012,,2019/04/13,"non-technical, change","non-technical (#71), change (#2)",read,,,,1,0
113086,Agile Project Management with Scrum (Developer Best Practices),Ken Schwaber,"Schwaber, Ken",,"=""073561993X""","=""9780735619937""",5,Microsoft Press,Paperback,192,2004,,,2019/04/13,"non-technical, agile","non-technical (#78), agile (#12)",read,,,,1,1
10210821,"Management 3.0: Leading Agile Developers, Developing Agile Leaders",Jurgen Appelo,"Appelo, Jurgen",,"=""0321718992""","=""9780321718990""",5,Addison-Wesley Professional,Kindle Edition,621,2010,2010,,2019/04/13,"non-technical, agile","non-technical (#86), agile (#13)",read,,,,1,1
17060202,This Is Lean: Resolving the Efficiency Paradox,Niklas Modig,"Modig, Niklas",,"=""919803930X""","=""9789198039306""",0,Rheologica Publishing,Paperback,172,2012,2011,,2020/05/28,"to-read, non-technical, agile","to-read (#10), non-technical (#67), agile (#16)",to-read,,,,0,0
25056958,Hyper-Productive Knowledge Work Performance: The TameFlow Approach and Its Application to Scrum and Kanban (The Tameflow Hyper-productivity),Steve Tendon,"Tendon, Steve",Wolfram Muller,"=""160427106X""","=""9781604271065""",0,J. Ross Publishing,Hardcover,368,2014,2015,,2019/04/13,"to-read, non-technical, agile","to-read (#6), non-technical (#77), agile (#15)",to-read,,,,0,0
35747076,Accelerate: Building and Scaling High Performing Technology Organizations,Nicole Forsgren,"Forsgren, Nicole","Jez Humble, Gene Kim","=""1942788339""","=""9781942788331""",5,IT Revolution,Paperback,288,2018,,,2019/04/13,"non-technical, agile","non-technical (#64), agile (#14)",read,,,,1,1
9267,Agile Estimating and Planning (Robert C. Martin Series),Mike Cohn,"Cohn, Mike","Jim Highsmith, Gabrielle Benefield","=""0131479415""","=""9780131479418""",5,Pearson,Paperback,368,2005,2005,,2019/04/13,"non-technical, agile","non-technical (#85), agile (#10)",read,,,,1,1
5341009,Agile Testing: A Practical Guide for Testers and Agile Teams,Lisa Crispin,"Crispin, Lisa",Janet Gregory,"=""0321534468""","=""9780321534460""",5,Addison-Wesley Professional,Paperback,533,2009,2008,,2019/04/13,"non-technical, agile","non-technical (#83), agile (#9)",read,,,,1,1
6707989,"Practices for Scaling Lean & Agile Development: Large, Multisite, and Offshore Product Development with Large-Scale Scrum",Craig Larman,"Larman, Craig",Bas Vodde,"=""0321636406""","=""9780321636409""",5,Addison-Wesley Professional,Paperback,624,2010,2010,,2019/04/13,"non-technical, agile","non-technical (#82), agile (#6)",read,,,,1,1
7950745,Agile Product Management with Scrum: Creating Products That Customers Love,Roman Pichler,"Pichler, Roman",,"=""0321605780""","=""9780321605788""",5,Addison-Wesley Professional,Paperback,160,2010,2008,,2019/04/13,"non-technical, agile","non-technical (#80), agile (#7)",read,,,,1,1
8086552,Kanban: Successful Evolutionary Change for Your Technology Business,David J. Anderson,"Anderson, David J.",,"=""0984521402""","=""9780984521401""",5,Blue Hole Press,Paperback,262,2010,2010,,2019/04/13,"non-technical, agile","non-technical (#87), agile (#8)",read,,,,1,1
13078769,Running Lean: Iterate from Plan A to a Plan That Works (Lean Series),Ash Maurya,"Maurya, Ash",,"=""1449305172""","=""9781449305178""",0,O'Reilly Media,Hardcover,235,2012,2012,,2019/04/13,"to-read, non-technical, agile","to-read (#3), non-technical (#68), agile (#11)",to-read,,,,0,0
3856,User Stories Applied: For Agile Software Development (Addison-Wesley Signature Series (Beck)),Mike Cohn,"Cohn, Mike",Kent Beck,"=""0321205685""","=""9780321205681""",5,Addison-Wesley Professional,Paperback,296,2004,2004,,2019/04/13,"non-technical, agile","non-technical (#84), agile (#4)",read,,,,1,1
2084806,"Agile Processes in Software Engineering and Extreme Programming: 8th International Conference, XP 2007, Como, Italy, June 18-22, 2007, Proceedings (Lecture Notes in Computer Science, 4536)",Giulio Concas,"Concas, Giulio","Ernesto Damiani, Marco Scotto, Giancarlo Succi","=""3540731008""","=""9783540731009""",5,Springer,Paperback,295,2007,2007,,2019/04/13,"non-technical, agile","non-technical (#88), agile (#2)",read,,,,1,1
349419,Agile Software Development with Scrum,Ken Schwaber,"Schwaber, Ken",Mike Beedle,"=""0130676349""","=""9780130676344""",5,Pearson,Paperback,176,2001,2001,,2019/04/13,"non-technical, agile","non-technical (#79), agile (#5)",read,,,,1,1
26083308,"The DevOps Handbook: How to Create World-Class Agility, Reliability, and Security in Technology Organizations",Gene Kim,"Kim, Gene","Patrick Debois, John Willis, Jez Humble","=""1942788002""","=""9781942788003""",5,IT Revolution Press,Paperback,442,2016,2015,,2019/04/13,"non-technical, technical, agile","non-technical (#63), technical (#7), agile (#1)",read,,,,1,1
252265,"Little Green Book of Getting Your Way: How to Speak, Write, Present, Persuade, Influence, and Sell Your Point of View to Others",Jeffrey Gitomer,"Gitomer, Jeffrey",,"=""0131576070""","=""9780131576070""",3,FT Press,Hardcover,202,2007,2007,,2019/04/13,"non-technical, communication","non-technical (#35), communication (#10)",read,,,,1,0
71734,"Nonviolent Communication: Create Your Life, Your Relationships, and Your World in Harmony with Your Values",Marshall B. Rosenberg,"Rosenberg, Marshall B.",,"=""""","=""""",5,Sounds True,Audio CD,0,2004,1999,,2019/04/13,"non-technical, communication","non-technical (#30), communication (#5)",read,,,,1,1
2965646,Transparency: How Leaders Create a Culture of Candor,Warren Bennis,"Bennis, Warren","James O'Toole, Daniel Goleman","=""0470278765""","=""9780470278765""",5,Jossey-Bass Inc Pub,Hardcover,130,2008,2008,,2019/04/13,"non-technical, communication","non-technical (#28), communication (#6)",read,,,,1,1
24600345,From Contempt to Curiosity: Creating the Conditions for Groups to Collaborate Using Clean Language & Systemic Modelling™,Caitlin Walker,"Walker, Caitlin",,"=""""","=""""",4,Clean Publishing,Kindle Edition,272,2014,2014,,2019/04/13,"non-technical, communication","non-technical (#34), communication (#9)",read,,,,1,0
35414701,Exactly What to Say: The Magic Words for Influence and Impact,Phil M. Jones,"Jones, Phil M.",,"=""0692881956""","=""9780692881958""",5,Box of Tricks Publishing,Paperback,148,2017,2017,,2019/04/13,"non-technical, communication","non-technical (#31), communication (#7)",read,,,,1,0
36255221,"The Science of Social Intelligence: 33 Studies to Win Friends, Be Magnetic, Make An Impression, and Use People’s Subconscious Triggers",Patrick King,"King, Patrick",,"=""""","=""""",5,Big Mind LLC,Kindle Edition,116,2017,,,2019/04/13,"non-technical, communication","non-technical (#32), communication (#8)",read,,,,1,0
15014,Crucial Conversations: Tools for Talking When Stakes are High,Kerry Patterson,"Patterson, Kerry","Stephen R. Covey, Joseph Grenny, Ron McMillan, Al Switzler","=""0071401946""","=""9780071401944""",5,McGraw-Hill,Paperback,240,2002,2002,,2019/04/13,"non-technical, communication","non-technical (#26), communication (#2)",read,,,,1,1
8125556,Transparency: How Leaders Create a Culture of Candor (J-B Warren Bennis Series Book 157),Warren Bennis,"Bennis, Warren","James O'Toole, Patricia Ward Biederman","=""""","=""""",5,,Kindle Edition,145,,2008,,2019/04/13,"non-technical, communication","non-technical (#29), communication (#1)",read,,,,1,1
28809238,Crucial Confrontations,Kerry Patterson,"Patterson, Kerry","Joseph Grenny, Ron McMillan, Al Switzler","=""0070600058""","=""9780070600058""",5,Tata Mcgraw Hill,Paperback,0,,2004,,2019/04/13,"non-technical, communication","non-technical (#27), communication (#3)",read,,,,1,1
8173233,Hoe word ik een rat? De kunst van het konkelen en samenzweren,Joep P.M. Schrijvers,"Schrijvers, Joep P.M.",,"=""9055942553""","=""9789055942558""",5,Scriptum,Paperback,164,2002,2004,,2019/04/13,"non-technical, communication","non-technical (#40), communication (#4)",read,,,,1,1
16144853,Leaders Eat Last: Why Some Teams Pull Together and Others Don't,Simon Sinek,"Sinek, Simon",,"=""1591845327""","=""9781591845324""",5,Portfolio,Hardcover,350,2014,2014,,2020/03/19,"non-technical, leadership","non-technical (#9), leadership (#14)",read,,,,1,0
29496432,Find Your Why: A Practical Guide to Discovering Purpose for You and Your Team,Simon Sinek,"Sinek, Simon","David  Mead, Peter Docker","=""0143111728""","=""9780143111726""",4,Portfolio,Paperback,256,2017,2017,2019/12/01,2019/07/16,"non-technical, leadership","non-technical (#7), leadership (#13)",read,,,,1,0
38390751,The Infinite Game,Simon Sinek,"Sinek, Simon",,"=""073521350X""","=""9780735213500""",5,Portfolio,Hardcover,251,2019,2017,2021/08/05,2021/07/10,"non-technical, leadership","non-technical (#8), leadership (#15)",read,,,,1,0
49040,Death by Meeting: A Leadership Fable… about Solving the Most Painful Problem in Business,Patrick Lencioni,"Lencioni, Patrick",,"=""0787968056""","=""9780787968052""",5,Jossey-Bass,Hardcover,260,2004,2004,,2019/04/13,"non-technical, leadership","non-technical (#15), leadership (#8)",read,,,,1,1
13637793,"The 3 Power Values: How Commitment, Integrity, and Transparency Clear the Roadblocks to Performance",David Gebler,"Gebler, David",,"=""1118101324""","=""9781118101322""",5,Josey-Bass,Hardcover,240,2012,2012,,2019/04/13,"non-technical, leadership","non-technical (#22), leadership (#9)",read,,,,1,1
32181042,"The Ideal Team Player: How to Recognize and Cultivate The Three Essential Virtues [Jan 01, 2016] Lencioni, Patrick M.",Patrick Lencioni,"Lencioni, Patrick",,"=""8126563877""","=""9788126563876""",5,Nill,Paperback,232,2016,2016,,2019/04/13,"non-technical, leadership","non-technical (#17), leadership (#10)",read,,,,1,0
29776935,Together Is Better,Simon Sinek,"Sinek, Simon",,"=""024118729X""","=""9780241187296""",5,Portfolio Penguin,Hardcover,160,2016,2016,,2019/04/13,"non-technical, leadership","non-technical (#10), leadership (#12)",read,,,,1,0
21343,The Five Dysfunctions of a Team,Patrick Lencioni,"Lencioni, Patrick",,"=""0787960756""","=""9780787960759""",5,FisicalBook,Paperback,228,2011,2002,,2019/04/13,"non-technical, leadership","non-technical (#14), leadership (#4)",read,,,,1,1
7108725,Start with Why: How Great Leaders Inspire Everyone to Take Action,Simon Sinek,"Sinek, Simon",,"=""1591842808""","=""9781591842804""",5,Portfolio,Hardcover,256,2009,2009,,2019/04/13,"non-technical, leadership","non-technical (#6), leadership (#6)",read,,,,1,1
8873049,The Leader's Guide to Radical Management: Reinventing the Workplace for the 21st Century,Stephen Denning,"Denning, Stephen",,"=""0470548681""","=""9780470548684""",5,Jossey-Bass,Hardcover,336,2010,2010,,2019/04/13,"non-technical, leadership","non-technical (#21), leadership (#2)",read,,,,1,1
16158601,Turn the Ship Around!: A True Story of Turning Followers into Leaders,L. David Marquet,"Marquet, L. David",,"=""1591846404""","=""9781591846406""",5,Portfolio,Hardcover,272,2013,2013,,2019/04/13,"non-technical, leadership","non-technical (#19), leadership (#3)",read,,,,1,1
20706737,Good Leaders Ask Great Questions: Your Foundation for Successful Leadership,John C. Maxwell,"Maxwell, John C.",,"=""1455548073""","=""9781455548071""",5,Center Street,Hardcover,320,2014,,,2019/04/13,"non-technical, leadership","non-technical (#13), leadership (#5)",read,,,,1,1
32179693,The Responsibility Process: Unlocking Your Natural Ability to Live and Lead with Power,Christopher Avery,"Avery, Christopher",,"=""099774720X""","=""9780997747201""",5,"Partnerwerks, Incorporated",Paperback,272,2016,,,2019/04/13,"non-technical, leadership","non-technical (#24), leadership (#1)",read,,,,1,1
22529127,Team of Teams: New Rules of Engagement for a Complex World,Stanley McChrystal,"McChrystal, Stanley","Chris Fussell, Tantum Collins, David        Silverman","=""1591847486""","=""9781591847489""",5,Portfolio,Hardcover,304,2015,2015,,2019/04/13,"non-technical, collaboration","non-technical (#2), collaboration (#3)",read,,,,1,0
30212642,"Extreme Teams: Why Pixar, Netflix, Airbnb, and Other Cutting-Edge Companies Succeed Where Most Fail",Robert Bruce Shaw,"Shaw, Robert Bruce",,"=""0814437176""","=""9780814437179""",5,AMACOM,Hardcover,256,2017,,,2019/04/13,"non-technical, collaboration","non-technical (#3), collaboration (#5)",read,,,,1,0
36417234,Powerful: Building a Culture of Freedom and Responsibility,Patty McCord,"McCord, Patty",,"=""1939714095""","=""9781939714091""",5,Silicon Guild,Hardcover,228,2018,2018,,2019/04/13,"non-technical, collaboration","non-technical (#4), collaboration (#4)",read,,,,1,0
18077780,"Creativity, Inc.: Overcoming the Unseen Forces That Stand in the Way of True Inspiration",Ed Catmull,"Catmull, Ed",Amy    Wallace,"=""0307361179""","=""9780307361172""",5,Random House Canada,Hardcover,368,2014,2014,,2019/04/13,"non-technical, collaboration","non-technical (#5), collaboration (#1)",read,,,,1,1
23848190,Extreme Ownership: How U.S. Navy SEALs Lead and Win,Jocko Willink,"Willink, Jocko",Leif Babin,"=""1250067057""","=""9781250067050""",5,St. Martin's Press,Hardcover,320,2015,2015,,2019/04/13,"non-technical, collaboration","non-technical (#1), collaboration (#2)",read,,,,1,1
28194540,"Managing for Happiness: Games, Tools & Practices to Motivate Any Team",Jurgen Appelo,"Appelo, Jurgen",,"=""1119268680""","=""9781119268680""",5,Wiley,Paperback,300,2016,2016,,2019/04/14,non-technical,non-technical (#48),read,,,,1,0
37913622,Mastering Paragliding: Digital Edition Volume 1,Kelly Farina,"Farina, Kelly",Charlotte King,"=""0993346758""","=""9780993346750""",0,Cross Country International,Kindle Edition,182,2018,2018,,2019/04/13,"to-read, non-technical","to-read (#5), non-technical (#94)",to-read,,,,0,0
454692,Learning XSLT: A Hands-On Introduction to XSLT and XPath,Michael J.  Fitzgerald,"Fitzgerald, Michael J.",,"=""0596003277""","=""9780596003272""",5,O'Reilly Media,Paperback,368,2003,2003,,2020/12/31,technical,technical (#9),read,,,,1,0
3828382,Tribes: We Need You to Lead Us,Seth Godin,"Godin, Seth",,"=""1591842336""","=""9781591842330""",5,Portfolio,Hardcover,151,2008,2008,,2019/04/13,non-technical,non-technical (#54),read,,,,1,1
160830,All Marketers Are Liars: The Power of Telling Authentic Stories in a Low-Trust World,Seth Godin,"Godin, Seth",,"=""1591841003""","=""9781591841005""",5,Portfolio Hardcover,Hardcover,208,2005,2005,,2019/04/13,non-technical,non-technical (#53),read,,,,1,1
2940740,Java Enterprise Design Patterns: Patterns in Java,Mark Grand,"Grand, Mark",,"=""0471333158""","=""9780471333159""",1,Wiley,Paperback,496,2001,2001,,2020/12/31,technical,technical (#8),read,"Most patterns are already described elsewhere, or not really a pattern",,,1,0
23692271,Sapiens: A Brief History of Humankind,Yuval Noah Harari,"Harari, Yuval Noah",,"=""""","=""""",5,Vintage,Paperback,512,2015,2011,2019/07/08,2019/06/27,non-technical,non-technical (#20),read,,,,1,0
17859598,Collective Genius: The Art and Practice of Leading Innovation,Linda A. Hill,"Hill, Linda A.","Greg Brandeau, Emily Truelove, Kent Lineback","=""1422130029""","=""9781422130025""",5,Harvard Business Review Press,Hardcover,320,2014,2014,,2019/04/13,non-technical,non-technical (#46),read,,,,1,1
6325447,A Guide to the Project Management Body of Knowledge,Project Management Institute,"Institute, Project Management",,"=""1933890517""","=""9781933890517""",3,Project Management Inst,Paperback,459,2009,1995,,2019/04/13,non-technical,non-technical (#91),read,,,,1,0
279812,Moral Mazes: The World of Corporate Managers,Robert Jackall,"Jackall, Robert",,"=""0195060806""","=""9780195060805""",0,Oxford University Press,Paperback,272,1989,1988,,2019/04/13,"currently-reading, non-technical","currently-reading (#2), non-technical (#92)",currently-reading,,,,1,0
22474840,The Nehemiah Effect: Ancient Wisdom from the World’s First Agile Projects,Ted Kallman,"Kallman, Ted",Andrew Kallman,"=""""","=""""",1,The Association of Christian Businesses,Kindle Edition,274,2014,2014,,2019/04/13,"currently-reading, non-technical","currently-reading (#5), non-technical (#98)",currently-reading,,,,1,0
10812820,"Art of Enchantment: How to Woo, Influence and Persuade",Guy Kawasaki,"Kawasaki, Guy",,"=""0241953642""","=""9780241953648""",5,Portfolio,Paperback,240,2011,2011,,2019/04/13,non-technical,non-technical (#52),read,,,,1,1
51771754,The Motive: Why So Many Leaders Abdicate Their Most Important Responsibilities,Patrick Lencioni,"Lencioni, Patrick",,"=""1119600456""","=""9781119600459""",0,Jossey-Bass,Hardcover,192,2020,2020,,2020/03/19,"to-read, non-technical","to-read (#8), non-technical (#18)",to-read,,,,0,0
11851270,Earned Schedule,Walter H. Lipke,"Lipke, Walter H.",,"=""0557177383""","=""9780557177387""",5,Lulu.com,Paperback,201,2009,2009,,2019/04/13,non-technical,non-technical (#93),read,,,,1,1
231305,Ejb Design Patterns,Floyd Marinescu,"Marinescu, Floyd",Ed Roman,"=""0471208310""","=""9780471208310""",5,Wiley,Paperback,288,2002,2002,,2020/12/31,technical,technical (#6),read,,,,1,0
5055286,"Eat Yourself Slim, or the Secrets of Nutrition",Michel Montignac,"Montignac, Michel",Philippe Rouger,"=""2906236411""","=""9782906236417""",5,Artulen,Paperback,267,1993,1994,,2019/04/13,non-technical,non-technical (#97),read,,,,1,0
39347254,Smartreading: lees een boek per uur (Dutch Edition),Peter Plusquin,"Plusquin, Peter",Paul van der Velde,"=""9401401721""","=""""",5,Lannoo Campus,Kindle Edition,269,2012,,,2019/04/13,non-technical,non-technical (#90),read,,,,1,0
1390781,The Reformer: The Power of The Enneagram Individual Type Audio Recording,Don Richard Riso,"Riso, Don Richard",,"=""""","=""""",1,Nightingale-Conant,Audio CD,,2004,2004,,2019/04/13,non-technical,non-technical (#95),read,,,,1,1
1383877,Freedom from Command and Control,John Seddon,"Seddon, John",,"=""0954618300""","=""9780954618308""",0,Vanguard Consulting Ltd,Paperback,244,2003,2003,,2019/04/13,"to-read, non-technical","to-read (#2), non-technical (#11)",to-read,,,,0,0
13238717,Team Code of Honor: The Secrets of Champions in Business and in Life,Blair Singer,"Singer, Blair",,"=""1937832120""","=""9781937832124""",5,"BZK Press, LLC",Paperback,146,2012,2011,,2019/04/13,non-technical,non-technical (#36),read,,,,1,1
10534,The Art of War,Sun Tzu,"Tzu, Sun",Thomas Cleary,"=""""","=""""",1,Harper Press,Paperback,170,2005,-500,,2019/04/13,non-technical,non-technical (#96),read,,,,1,0
39781920,Effective Altruism: How Can We Best Help Others?,Magnus Vinding,"Vinding, Magnus",,"=""""","=""""",0,Ratio Ethica,Kindle Edition,100,2018,2018,,2020/03/19,"to-read, non-technical","to-read (#7), non-technical (#89)",to-read,,,,0,0
85009,Design Patterns: Elements of Reusable Object-Oriented Software,Erich Gamma,"Gamma, Erich","Grady Booch, Richard Helm, Ralph Johnson, John Vlissides","=""0201633612""","=""9780201633610""",5,Addison-Wesley Professional,Hardcover,416,1994,1994,,2020/12/31,technical,technical (#4),read,must have for every software developer!,,,1,0
105570,Pro Spring,Rob Harrop,"Harrop, Rob",Jan Macháček,"=""1590594614""","=""9781590594612""",5,Apress,Paperback,832,2005,2005,,2020/12/31,technical,technical (#3),read,,,,1,0
1351239,The Complete Java 2 Certification Study Guide: Programmer's and Developers Exams (With CD-ROM),Simon Roberts,"Roberts, Simon","Philip Heller, Michael Ernest","=""0782128254""","=""9780782128253""",4,Sybex Inc,Hardcover,899,2000,1999,,2020/12/31,technical,technical (#2),read,,,,1,0
14975226,Pro Spring MVC: With Web Flow (Expert's Voice in Spring),Marten Deinum,"Deinum, Marten","Seth Ladd, Marten Deinum, Erwin Vervaet, Koen Serneels, Christophe Vanfleteren","=""1430241551""","=""9781430241553""",4,Apress,Paperback,624,2012,2012,,2020/12/31,technical,technical (#1),read,,,,1,0
